family,n_targets,n_methods,methods,statistic,p_raw,p_bh,p_holm
Pearson r,16,5,"boltz2,dynamicbind,gnina,plapt,qvina",31.650000000000034,2.2555107263461197e-06,1.6126146418225496e-05,2.0299596537115078e-05
Spearman rho,16,5,"boltz2,dynamicbind,gnina,plapt,qvina",29.80000000000001,5.375382139408499e-06,1.6126146418225496e-05,3.76276749758595e-05
Kendall tau,16,5,"boltz2,dynamicbind,gnina,plapt,qvina",30.350000000000023,4.153608183695151e-06,1.6126146418225496e-05,3.3228865469561206e-05
nEF active (top 1%),16,5,"boltz2,dynamicbind,gnina,plapt,qvina",11.394594594594654,0.022469571996379032,0.02527826849592641,0.044939143992758064
nEF inactive (top 1%),16,5,"boltz2,dynamicbind,gnina,plapt,qvina",9.586206896551708,0.04800571086203007,0.04800571086203007,0.04800571086203007
nEF active (top 5%),16,5,"boltz2,dynamicbind,gnina,plapt,qvina",22.450000000000045,0.00016303967780894856,0.0002934714200561074,0.0008151983890447428
nEF inactive (top 5%),16,5,"boltz2,dynamicbind,gnina,plapt,qvina",15.249146757679219,0.004211409536858182,0.005414669404531948,0.012634228610574547
nEF active (top 10%),16,5,"boltz2,dynamicbind,gnina,plapt,qvina",25.657794676806123,3.709097328659884e-05,8.345468989484739e-05,0.00022254583971959306
nEF inactive (top 10%),16,5,"boltz2,dynamicbind,gnina,plapt,qvina",19.576158940397377,0.0006053899885618447,0.0009080849828427671,0.002421559954247379
