target,method_id,metric,n_points,pearson_r,pearson_p,spearman_rho,spearman_p,kendall_tau,kendall_p,method_label
3eyg,boltz2,boltz2_affinity_pred_value,2232,0.6953137432334764,3.16e-322,0.5985793883630399,4.24172603348341e-217,0.445454077340224,5.927958885306878e-214,Boltz-2
3eyg,dynamicbind,dynamicbind_affinity_bestpose,2234,0.16628648550107503,2.5677202353601464e-15,0.03435270800339155,0.10453420508780492,0.025733257519936204,0.07118405941744921,DynamicBind
3eyg,gnina,gnina_cnn_affinity_bestpose,2195,0.04093694856025912,0.05515651802577262,0.020896026899358898,0.32780468863315015,0.023571284253973538,0.1015808905944101,GNINA 1.3
3eyg,plapt,plapt_affinity,2234,0.21135991539515092,5.599414986329571e-24,0.13429710488394356,1.8546640389349713e-10,0.0906650142802627,2.0569555155461583e-10,PLAPT
3eyg,qvina,qvina_affinity_bestpose,2201,-0.04075448465528317,0.055915039687322955,-0.12603258984006926,2.972520850787388e-09,-0.08777210390520784,1.7010761632851428e-09,QVina2
