target,method_id,metric,n_points,pearson_r,pearson_p,spearman_rho,spearman_p,kendall_tau,kendall_p,method_label
4zau,boltz2,boltz2_affinity_pred_value,219,0.5362273373256444,1.0558606489021633e-17,0.47863715869655676,6.115757590013387e-14,0.3287910902577807,5.704084014096388e-13,Boltz-2
4zau,dynamicbind,dynamicbind_affinity_bestpose,235,0.37272662718492017,3.6972916412360573e-09,0.30556955189520235,1.8060893898964047e-06,0.2066944516354073,2.7125762249224674e-06,DynamicBind
4zau,gnina,gnina_cnn_affinity_bestpose,233,0.33953976872375297,1.0743520081936583e-07,0.3148331726832677,9.334014313432823e-07,0.20380068883706143,4.146398287275307e-06,GNINA 1.3
4zau,plapt,plapt_affinity,235,0.194005533746751,0.0028208197550222444,0.0870717913450837,0.18345382132387447,0.053338143448570595,0.22603083943296676,PLAPT
4zau,qvina,qvina_affinity_bestpose,233,0.07826254972159984,0.23403565694816564,0.021641846927990656,0.742450258532457,0.010217344802965345,0.8207887777783356,QVina2
