target,method_id,metric,n_points,pearson_r,pearson_p,spearman_rho,spearman_p,kendall_tau,kendall_p,method_label
7kk3,boltz2,boltz2_affinity_pred_value,1047,0.737409919941985,2.793133633954634e-180,0.7248448398310735,2.5874980423316106e-171,0.5385099360902865,4.5260200021086715e-149,Boltz-2
7kk3,dynamicbind,dynamicbind_affinity_bestpose,1049,-0.03473982848103144,0.26094483467028406,-0.06209637192230088,0.04435326264121311,-0.04042290086430969,0.05072615361995889,DynamicBind
7kk3,gnina,gnina_cnn_affinity_bestpose,588,0.2845857683000451,2.034887821040466e-12,0.2871556000012135,1.2623588143763982e-12,0.1937407894566481,2.554800219786124e-12,GNINA 1.3
7kk3,plapt,plapt_affinity,1049,0.4510344863546688,1.0621386336778888e-53,0.46119121905464516,2.273277278890621e-56,0.31174434719676036,2.638936928156676e-51,PLAPT
7kk3,qvina,qvina_affinity_bestpose,928,0.2428011065671541,6.430786835354137e-14,0.26365992272812505,3.188050494028444e-16,0.177242682353482,1.9096785679641395e-15,QVina2
