target,method_id,metric,n_points,pearson_r,pearson_p,spearman_rho,spearman_p,kendall_tau,kendall_p,method_label
4ase,boltz2,boltz2_affinity_pred_value,850,0.6940286894398445,3.861099090358743e-123,0.7046910340398457,1.6001412175569597e-128,0.5128352805714016,5.0095814419072134e-110,Boltz-2
4ase,dynamicbind,dynamicbind_affinity_bestpose,851,0.3078048630315267,3.9249532403238097e-20,0.2471788985322822,2.5956617776590657e-13,0.17015713991814385,1.3748925811589583e-13,DynamicBind
4ase,gnina,gnina_cnn_affinity_bestpose,838,0.5586688713053716,5.958247583321817e-70,0.5485530582326361,5.1880638975083415e-67,0.3926883748251738,2.2633330652043508e-64,GNINA 1.3
4ase,plapt,plapt_affinity,851,0.25511287786448544,4.1383375152446506e-14,0.2506053193212105,1.183770059573977e-13,0.17285086187921317,5.653738324223685e-14,PLAPT
4ase,qvina,qvina_affinity_bestpose,838,0.4033183172259434,4.0194921039789884e-34,0.36570931443890614,6.464838506949677e-28,0.2554519802016402,1.0430486162621941e-27,QVina2
