target,method_id,metric,n_points,pearson_r,pearson_p,spearman_rho,spearman_p,kendall_tau,kendall_p,method_label
5mo4,boltz2,boltz2_affinity_pred_value,679,0.4191433596279647,2.880091663492931e-30,0.4352077452705411,9.442315274137458e-33,0.2895624821991895,3.1244330434946864e-29,Boltz-2
5mo4,dynamicbind,dynamicbind_affinity_bestpose,682,0.5960052180784287,8.10119090124656e-67,0.6076320875181561,4.571460400287273e-70,0.42933747134881356,1.8640296787879001e-62,DynamicBind
5mo4,gnina,gnina_cnn_affinity_bestpose,682,0.37337098611189146,5.507876893918769e-24,0.41525484234363114,8.253598333164274e-30,0.28035006550265246,1.3134663113378698e-27,GNINA 1.3
5mo4,plapt,plapt_affinity,682,0.23539770093887352,4.851608047764232e-10,0.2556045434923288,1.2374338043035779e-11,0.174129727149543,1.3366002235948307e-11,PLAPT
5mo4,qvina,qvina_affinity_bestpose,682,0.4102481197204603,4.5440281485757694e-29,0.41829974152923316,2.8837738518549108e-30,0.2874693765965365,2.263444222355724e-28,QVina2
