target,method_id,metric,n_points,pearson_r,pearson_p,spearman_rho,spearman_p,kendall_tau,kendall_p,method_label
1g5m,boltz2,boltz2_affinity_pred_value,244,0.49364950832661925,2.1552484735477735e-16,0.5376209336933547,1.1178273602602654e-19,0.38536211550695026,3.3140595589843424e-19,Boltz-2
1g5m,dynamicbind,dynamicbind_affinity_bestpose,244,0.16312311076145725,0.010707676597697854,0.19662428715658037,0.002030213123643879,0.13513837480283153,0.0016820533632796787,DynamicBind
1g5m,gnina,gnina_cnn_affinity_bestpose,242,0.09202258400645486,0.15353568318920546,0.08155248514898475,0.20615928558554997,0.05673979437231344,0.18909879805422058,GNINA 1.3
1g5m,plapt,plapt_affinity,244,-0.05782335593660424,0.3684693060751077,-0.03864424617808554,0.5479950921979184,-0.02791891980063494,0.5163545388314047,PLAPT
1g5m,qvina,qvina_affinity_bestpose,244,0.10212629705026352,0.1115566663178966,0.11380457376032835,0.07600947297583543,0.07769532201889823,0.07536399730233953,QVina2
