target,method_id,metric,n_points,pearson_r,pearson_p,spearman_rho,spearman_p,kendall_tau,kendall_p,method_label
3jy9,boltz2,boltz2_affinity_pred_value,2009,0.7503734740849952,0.0,0.6513671990686001,6.44368436317999e-243,0.47306666601872144,9.056659976892504e-218,Boltz-2
3jy9,dynamicbind,dynamicbind_affinity_bestpose,2014,0.2749211569911057,2.965091005771804e-36,0.17424904514569464,3.398011445818788e-15,0.11956797822886181,1.5671262479473372e-15,DynamicBind
3jy9,gnina,gnina_cnn_affinity_bestpose,1986,0.1228919753513684,3.928970382715896e-08,0.13593190947174053,1.1855801710324007e-09,0.09119701501501705,1.5758886299985414e-09,GNINA 1.3
3jy9,plapt,plapt_affinity,2014,0.2695316222225098,7.331023035551296e-35,0.2263356973973397,8.247335951410021e-25,0.1552486128784043,4.16970395716521e-25,PLAPT
3jy9,qvina,qvina_affinity_bestpose,1985,0.06727562002418988,0.0027098886447089825,0.028580048146678378,0.203090983835289,0.019237906920762812,0.21109920230684676,QVina2
