target,method_id,metric,n_points,pearson_r,pearson_p,spearman_rho,spearman_p,kendall_tau,kendall_p,method_label
4f65,boltz2,boltz2_affinity_pred_value,133,0.48377488154720494,3.6584234455564918e-09,0.624905312066377,9.06090960719311e-16,0.46502891409233477,2.1183741648716024e-15,Boltz-2
4f65,dynamicbind,dynamicbind_affinity_bestpose,133,0.36062384510713363,2.0075942058398856e-05,0.13603450344830345,0.11845660925381687,0.09679076932198878,0.0986526890238834,DynamicBind
4f65,gnina,gnina_cnn_affinity_bestpose,126,0.04677427528391657,0.6029993953121789,0.18680425360935574,0.03622005796886062,0.12128918625007667,0.04423517929420488,GNINA 1.3
4f65,plapt,plapt_affinity,133,0.10311509644637518,0.23756002481621316,0.06314575964401338,0.4702456528587232,0.0475403425291747,0.4172956953858187,PLAPT
4f65,qvina,qvina_affinity_bestpose,126,-0.0100730266119988,0.910866696447665,-0.018819391137672715,0.8343230819004213,-0.004636247499871572,0.9394343101812681,QVina2
