target,method_id,metric,n_points,pearson_r,pearson_p,spearman_rho,spearman_p,kendall_tau,kendall_p,method_label
4tz4,boltz2,boltz2_affinity_pred_value,113,0.5104934906080162,7.633068202398829e-09,0.46265559370760695,2.479259431840256e-07,0.32465418802644397,3.5889559126960594e-07,Boltz-2
4tz4,dynamicbind,dynamicbind_affinity_bestpose,113,0.4316281196646444,1.8131966503623732e-06,0.41474562445467533,4.94218923630144e-06,0.2936292144266473,4.160772755152875e-06,DynamicBind
4tz4,gnina,gnina_cnn_affinity_bestpose,112,0.40648792077020507,8.7001814848094e-06,0.37234219806860436,5.2850597442722854e-05,0.25642702764414327,6.311028444569738e-05,GNINA 1.3
4tz4,plapt,plapt_affinity,113,0.3215410870916919,0.0005152094981429753,0.27968692206848134,0.002698287075479506,0.19263975954567641,0.0025278513249275456,PLAPT
4tz4,qvina,qvina_affinity_bestpose,112,-0.07659910064712692,0.42212803486354994,-0.08367514425665537,0.3804107481701815,-0.06873179114491416,0.3780081142886408,QVina2
