target,method_id,metric,n_points,pearson_r,pearson_p,spearman_rho,spearman_p,kendall_tau,kendall_p,method_label
6jok,boltz2,boltz2_affinity_pred_value,249,0.8518773732046081,2.488693980373899e-71,0.7973858528844271,4.211231474408782e-56,0.6001876814138286,7.855130890832703e-45,Boltz-2
6jok,dynamicbind,dynamicbind_affinity_bestpose,250,0.5602952864536721,4.58948221312895e-22,0.3242433954366493,1.5765359693221554e-07,0.2204424437217603,2.3348335705537634e-07,DynamicBind
6jok,gnina,gnina_cnn_affinity_bestpose,242,0.6243805884873553,1.4637464068733977e-27,0.565526786092749,7.41332435185231e-22,0.402367189398292,1.6972858356971805e-20,GNINA 1.3
6jok,plapt,plapt_affinity,250,0.30042909260872624,1.3073338439844012e-06,0.2622627416214091,2.672669970533845e-05,0.17662499076886942,3.431695136060248e-05,PLAPT
6jok,qvina,qvina_affinity_bestpose,242,0.4070369745548853,4.498939652690064e-11,0.2824483355641978,8.108137593508318e-06,0.18685058194627868,2.3591099928959325e-05,QVina2
