target,method_id,metric,n_points,pearson_r,pearson_p,spearman_rho,spearman_p,kendall_tau,kendall_p,method_label
2z5x,boltz2,boltz2_affinity_pred_value,208,0.22395569819353142,0.0011464617404698084,0.16655856053884718,0.016195243610388915,0.1102874920944502,0.018906813873435863,Boltz-2
2z5x,dynamicbind,dynamicbind_affinity_bestpose,213,-0.08457950515697038,0.21894528338666458,-0.1554619715544725,0.023246646592010586,-0.10864332419767438,0.019260205358667813,DynamicBind
2z5x,gnina,gnina_cnn_affinity_bestpose,212,0.05517037214306489,0.42420208918053476,0.004883926477071207,0.9436436560150122,0.0007666189360834555,0.9868553260138918,GNINA 1.3
2z5x,plapt,plapt_affinity,213,-0.18652652308502707,0.006328654709853008,-0.1914763590836388,0.0050464558876874704,-0.13526808621322287,0.003568050411909004,PLAPT
2z5x,qvina,qvina_affinity_bestpose,212,0.05084402774569618,0.4614874189708119,0.03327527923789633,0.6299733555429097,0.021315885248028094,0.6500057188931496,QVina2
