target,method_id,metric,n_points,pearson_r,pearson_p,spearman_rho,spearman_p,kendall_tau,kendall_p,method_label
3lxk,boltz2,boltz2_affinity_pred_value,755,-0.30278283213437507,1.795315076607957e-17,-0.3594003951777526,1.9462447320670266e-24,-0.27749958296222416,1.0233371966295011e-25,Boltz-2
3lxk,dynamicbind,dynamicbind_affinity_bestpose,758,0.0393716901772138,0.27898407166749045,-0.057088428718056416,0.11631413223228433,-0.040385087468378954,0.12619517295630067,DynamicBind
3lxk,gnina,gnina_cnn_affinity_bestpose,751,-0.19118656750151566,1.2961079077023624e-07,-0.23099390924796068,1.4885942983824458e-10,-0.16699052436605394,3.3218100059567767e-10,GNINA 1.3
3lxk,plapt,plapt_affinity,758,0.025352222049665557,0.48583257878882125,0.06951100568545908,0.055758426132391715,0.05189811667770582,0.04938668532457924,PLAPT
3lxk,qvina,qvina_affinity_bestpose,751,-0.27363943574042204,2.3011038424801648e-14,-0.3007768907916067,3.6160839674292664e-17,-0.22632907174719685,7.610419310211938e-17,QVina2
